{
  "sections": {
    "main": {
      "type": "main-article",
      "blocks": {
        "featured_image": {
          "type": "featured_image",
          "settings": {
          }
        },
        "title": {
          "type": "title",
          "settings": {
          }
        },
        "content": {
          "type": "content",
          "settings": {
          }
        },
        "social_sharing": {
          "type": "social_sharing",
          "settings": {
          }
        }
      },
      "block_order": [
        "featured_image",
        "title",
        "content",
        "social_sharing"
      ],
      "settings": {
      }
    }
  },
  "order": [
    "main"
  ]
}