{
  "sections": {
    "main": {
      "type": "main-blog",
      "blocks": {
        "title": {
          "type": "title",
          "settings": {
          }
        },
        "summary": {
          "type": "summary",
          "settings": {
          }
        },
        "link": {
          "type": "link",
          "settings": {
          }
        }
      },
      "block_order": [
        "title",
        "summary",
        "link"
      ],
      "settings": {
      }
    }
  },
  "order": [
    "main"
  ]
}